ParentLocationCode,SpatialDim,Dim1,Value,NumericValue,Date,IndicatorCode
AFR,GMB,SEX_MLE,17.9,17.9,2023-12-07T16:58:56+01:00,Yth_curr_tob_use
AFR,SYC,SEX_MLE,27.2,27.2,2023-12-07T16:59:20+01:00,Yth_curr_tob_use
WPR,PNG,SEX_BTSX,33.3,33.3,2023-12-07T16:59:19+01:00,Yth_curr_tob_use
AMR,BHS,SEX_MLE,16.1,16.1,2023-12-07T16:59:20+01:00,Yth_curr_tob_use
AMR,SLV,SEX_FMLE,0.9,0.9,2023-12-07T16:59:12+01:00,Yth_curr_tob_use
AFR,SLE,SEX_MLE,14.5,14.5,2023-12-07T16:59:12+01:00,Yth_curr_tob_use
AFR,MRT,SEX_MLE,19.6,19.6,2023-12-07T16:58:57+01:00,Yth_curr_tob_use
AFR,COG,SEX_FMLE,12.1,12.1,2023-12-07T16:58:58+01:00,Yth_curr_tob_use
EUR,CZE,SEX_FMLE,Data not available,,2023-12-07T16:59:33+01:00,Yth_curr_tob_use
AMR,CHL,SEX_BTSX,Data not available,,2023-12-07T16:59:39+01:00,Yth_curr_tob_use
EMR,DJI,SEX_FMLE,11.1,11.1,2023-12-07T16:59:05+01:00,Yth_curr_tob_use
EMR,PSE,SEX_MLE,43.3,43.3,2023-12-07T16:59:19+01:00,Yth_curr_tob_use
SEAR,BTN,SEX_BTSX,22.2,22.2,2023-12-07T16:59:11+01:00,Yth_curr_tob_use
AFR,CAF,SEX_BTSX,32.4,32.4,2023-12-07T16:59:06+01:00,Yth_curr_tob_use
EUR,NLD,SEX_FMLE,Data not available,,2023-12-07T16:59:34+01:00,Yth_curr_tob_use
AFR,MWI,SEX_FMLE,11.4,11.4,2023-12-07T16:59:20+01:00,Yth_curr_tob_use
WPR,JPN,SEX_FMLE,Data not available,,2023-12-07T16:59:37+01:00,Yth_curr_tob_use
AFR,ZMB,SEX_FMLE,25.8,25.8,2023-12-07T16:59:13+01:00,Yth_curr_tob_use
AMR,PAN,SEX_MLE,9.1,9.1,2023-12-07T16:59:20+01:00,Yth_curr_tob_use
EMR,IRQ,SEX_BTSX,15.7,15.7,2023-12-07T16:59:20+01:00,Yth_curr_tob_use
AFR,ZAF,SEX_FMLE,Data not available,,2023-12-07T16:59:45+01:00,Yth_curr_tob_use
WPR,SGP,SEX_FMLE,Data not available,,2023-12-07T16:59:31+01:00,Yth_curr_tob_use
AMR,GUY,SEX_MLE,19,19.0,2023-12-07T16:58:57+01:00,Yth_curr_tob_use
AMR,PAN,SEX_BTSX,7.6,7.6,2023-12-07T16:58:57+01:00,Yth_curr_tob_use
EMR,QAT,SEX_MLE,15.7,15.7,2023-12-07T16:59:05+01:00,Yth_curr_tob_use
AMR,DOM,SEX_MLE,8.3,8.3,2023-12-07T16:59:20+01:00,Yth_curr_tob_use
WPR,FJI,SEX_FMLE,6.5,6.5,2023-12-07T16:59:06+01:00,Yth_curr_tob_use
AMR,CRI,SEX_MLE,Data not available,,2023-12-07T16:59:40+01:00,Yth_curr_tob_use
EMR,AFG,SEX_BTSX,8.3,8.3,2023-12-07T16:59:04+01:00,Yth_curr_tob_use
EUR,MNE,SEX_FMLE,Data not available,,2023-12-07T16:59:33+01:00,Yth_curr_tob_use
EMR,SAU,SEX_FMLE,8,8.0,2023-12-07T16:58:56+01:00,Yth_curr_tob_use
SEAR,IND,SEX_FMLE,7.4,7.4,2023-12-07T16:59:13+01:00,Yth_curr_tob_use
AMR,URY,SEX_FMLE,13.6,13.6,2023-12-07T16:59:05+01:00,Yth_curr_tob_use
AFR,SWZ,SEX_BTSX,11.5,11.5,2023-12-07T16:59:05+01:00,Yth_curr_tob_use
AMR,ECU,SEX_FMLE,10.7,10.7,2023-12-07T16:59:12+01:00,Yth_curr_tob_use
AMR,CRI,SEX_FMLE,Data not available,,2023-12-07T16:59:40+01:00,Yth_curr_tob_use
EUR,TJK,SEX_FMLE,2.8,2.8,2023-12-07T16:59:13+01:00,Yth_curr_tob_use
EUR,BLR,SEX_FMLE,9.6,9.6,2023-12-07T16:58:56+01:00,Yth_curr_tob_use
EUR,AZE,SEX_MLE,Data not available,,2023-12-07T16:59:33+01:00,Yth_curr_tob_use
AFR,UGA,SEX_BTSX,10.5,10.5,2023-12-07T16:58:58+01:00,Yth_curr_tob_use
AFR,MDG,SEX_MLE,16.7,16.7,2023-12-07T16:59:11+01:00,Yth_curr_tob_use
EUR,BGR,SEX_BTSX,Data not available,,2023-12-07T16:59:45+01:00,Yth_curr_tob_use
EUR,HUN,SEX_MLE,16,16.0,2023-12-07T16:59:12+01:00,Yth_curr_tob_use
WPR,PNG,SEX_FMLE,28.3,28.3,2023-12-07T16:58:56+01:00,Yth_curr_tob_use
WPR,TUV,SEX_FMLE,13.6,13.6,2023-12-07T16:59:06+01:00,Yth_curr_tob_use
AMR,HND,SEX_FMLE,6.4,6.4,2023-12-07T16:59:05+01:00,Yth_curr_tob_use
WPR,KIR,SEX_FMLE,42.8,42.8,2023-12-07T16:59:12+01:00,Yth_curr_tob_use
AFR,NER,SEX_FMLE,5.6,5.6,2023-12-07T16:59:05+01:00,Yth_curr_tob_use
WPR,KOR,SEX_FMLE,Data not available,,2023-12-07T16:59:34+01:00,Yth_curr_tob_use
AMR,MEX,SEX_BTSX,19.8,19.8,2023-12-07T16:59:11+01:00,Yth_curr_tob_use
WPR,IDN,SEX_FMLE,3.5,3.5,2023-12-07T16:59:06+01:00,Yth_curr_tob_use
EUR,MCO,SEX_BTSX,Data not available,,2023-12-07T16:59:52+01:00,Yth_curr_tob_use
EMR,QAT,SEX_BTSX,12.1,12.1,2023-12-07T16:58:56+01:00,Yth_curr_tob_use
AFR,LBR,SEX_MLE,9.3,9.3,2023-12-07T16:59:12+01:00,Yth_curr_tob_use
AFR,KEN,SEX_BTSX,9.9,9.9,2023-12-07T16:59:20+01:00,Yth_curr_tob_use
AMR,USA,SEX_FMLE,6.8,6.8,2023-12-07T16:59:20+01:00,Yth_curr_tob_use
AFR,SEN,SEX_MLE,11.6,11.6,2023-12-07T16:59:05+01:00,Yth_curr_tob_use
WPR,CHN,SEX_BTSX,Data not available,,2023-12-07T16:59:47+01:00,Yth_curr_tob_use
EUR,MCO,SEX_FMLE,Data not available,,2023-12-07T16:59:48+01:00,Yth_curr_tob_use
EMR,PSE,SEX_BTSX,31.3,31.3,2023-12-07T16:59:19+01:00,Yth_curr_tob_use
EMR,SAU,SEX_BTSX,9.4,9.4,2023-12-07T16:59:19+01:00,Yth_curr_tob_use
EUR,IRL,SEX_MLE,Data not available,,2023-12-07T16:59:40+01:00,Yth_curr_tob_use
AFR,GNQ,SEX_MLE,25.1,25.1,2023-12-07T16:59:06+01:00,Yth_curr_tob_use
EMR,KWT,SEX_BTSX,16.7,16.7,2023-12-07T16:58:57+01:00,Yth_curr_tob_use
EUR,BLR,SEX_BTSX,8.4,8.4,2023-12-07T16:59:19+01:00,Yth_curr_tob_use
SEAR,NPL,SEX_MLE,9.5,9.5,2023-12-07T16:59:05+01:00,Yth_curr_tob_use
AMR,GTM,SEX_MLE,19.5,19.5,2023-12-07T16:59:12+01:00,Yth_curr_tob_use
SEAR,THA,SEX_BTSX,15,15.0,2023-12-07T16:59:11+01:00,Yth_curr_tob_use
EUR,MLT,SEX_BTSX,Data not available,,2023-12-07T16:59:37+01:00,Yth_curr_tob_use
AMR,HTI,SEX_MLE,20.3,20.3,2023-12-07T16:59:12+01:00,Yth_curr_tob_use
EUR,POL,SEX_MLE,Data not available,,2023-12-07T16:59:42+01:00,Yth_curr_tob_use
AFR,CMR,SEX_BTSX,10.1,10.1,2023-12-07T16:58:58+01:00,Yth_curr_tob_use
EUR,MLT,SEX_FMLE,Data not available,,2023-12-07T16:59:37+01:00,Yth_curr_tob_use
EUR,GEO,SEX_MLE,Data not available,,2023-12-07T16:59:43+01:00,Yth_curr_tob_use
EUR,TKM,SEX_MLE,0.2,0.2,2023-12-07T16:58:57+01:00,Yth_curr_tob_use
WPR,SGP,SEX_MLE,Data not available,,2023-12-07T16:59:47+01:00,Yth_curr_tob_use
AMR,BLZ,SEX_BTSX,12.3,12.3,2023-12-07T16:59:05+01:00,Yth_curr_tob_use
AMR,JAM,SEX_MLE,15.9,15.9,2023-12-07T16:59:20+01:00,Yth_curr_tob_use
AMR,PRY,SEX_MLE,8.8,8.8,2023-12-07T16:59:20+01:00,Yth_curr_tob_use
EUR,CYP,SEX_FMLE,Data not available,,2023-12-07T16:59:45+01:00,Yth_curr_tob_use
AMR,BLZ,SEX_MLE,16.6,16.6,2023-12-07T16:59:05+01:00,Yth_curr_tob_use
EUR,MKD,SEX_MLE,Data not available,,2023-12-07T16:59:31+01:00,Yth_curr_tob_use
AMR,VCT,SEX_BTSX,9.3,9.3,2023-12-07T16:59:20+01:00,Yth_curr_tob_use
EMR,BHR,SEX_BTSX,18.7,18.7,2023-12-07T16:59:11+01:00,Yth_curr_tob_use
AFR,MWI,SEX_BTSX,14.2,14.2,2023-12-07T16:58:57+01:00,Yth_curr_tob_use
WPR,VNM,SEX_FMLE,1.8,1.8,2023-12-07T16:59:12+01:00,Yth_curr_tob_use
WPR,JPN,SEX_MLE,Data not available,,2023-12-07T16:59:37+01:00,Yth_curr_tob_use
AFR,NGA,SEX_FMLE,11.1,11.1,2023-12-07T16:59:20+01:00,Yth_curr_tob_use
EUR,CHE,SEX_FMLE,Data not available,,2023-12-07T16:59:42+01:00,Yth_curr_tob_use
EMR,PAK,SEX_FMLE,6.6,6.6,2023-12-07T16:59:05+01:00,Yth_curr_tob_use
AFR,ZMB,SEX_MLE,24.9,24.9,2023-12-07T16:58:58+01:00,Yth_curr_tob_use
EMR,LBN,SEX_MLE,35.3,35.3,2023-12-07T16:59:21+01:00,Yth_curr_tob_use
AMR,PER,SEX_BTSX,7.2,7.2,2023-12-07T16:59:12+01:00,Yth_curr_tob_use
EMR,TUN,SEX_FMLE,4.6,4.6,2023-12-07T16:59:11+01:00,Yth_curr_tob_use
AMR,VEN,SEX_MLE,15.9,15.9,2023-12-07T16:59:11+01:00,Yth_curr_tob_use
EUR,GBR,SEX_FMLE,Data not available,,2023-12-07T16:59:47+01:00,Yth_curr_tob_use
WPR,FJI,SEX_BTSX,9.1,9.1,2023-12-07T16:59:06+01:00,Yth_curr_tob_use
WPR,WSM,SEX_FMLE,8.1,8.1,2023-12-07T16:58:57+01:00,Yth_curr_tob_use
EUR,LTU,SEX_MLE,Data not available,,2023-12-07T16:59:43+01:00,Yth_curr_tob_use
WPR,FJI,SEX_MLE,11.8,11.8,2023-12-07T16:59:06+01:00,Yth_curr_tob_use
EUR,NOR,SEX_BTSX,Data not available,,2023-12-07T16:59:33+01:00,Yth_curr_tob_use
SEAR,BGD,SEX_BTSX,9.2,9.2,2023-12-07T16:59:05+01:00,Yth_curr_tob_use
EUR,DNK,SEX_FMLE,Data not available,,2023-12-07T16:59:43+01:00,Yth_curr_tob_use
SEAR,BGD,SEX_FMLE,2.1,2.1,2023-12-07T16:59:05+01:00,Yth_curr_tob_use
EUR,FIN,SEX_FMLE,13,13.0,2023-12-07T16:58:58+01:00,Yth_curr_tob_use
WPR,TUV,SEX_MLE,30.4,30.4,2023-12-07T16:59:06+01:00,Yth_curr_tob_use
EUR,IRL,SEX_BTSX,Data not available,,2023-12-07T16:59:40+01:00,Yth_curr_tob_use
AFR,GHA,SEX_FMLE,8.1,8.1,2023-12-07T16:59:19+01:00,Yth_curr_tob_use
AMR,COL,SEX_MLE,20.6,20.6,2023-12-07T16:59:12+01:00,Yth_curr_tob_use
EUR,ISL,SEX_MLE,Data not available,,2023-12-07T16:59:48+01:00,Yth_curr_tob_use
EUR,NLD,SEX_BTSX,Data not available,,2023-12-07T16:59:28+01:00,Yth_curr_tob_use
EMR,PAK,SEX_BTSX,10.7,10.7,2023-12-07T16:59:05+01:00,Yth_curr_tob_use
EMR,EGY,SEX_FMLE,8.2,8.2,2023-12-07T16:59:04+01:00,Yth_curr_tob_use
AFR,GHA,SEX_BTSX,8.8,8.8,2023-12-07T16:58:57+01:00,Yth_curr_tob_use
EMR,QAT,SEX_FMLE,8.7,8.7,2023-12-07T16:59:05+01:00,Yth_curr_tob_use
WPR,BRN,SEX_FMLE,3.9,3.9,2023-12-07T16:58:57+01:00,Yth_curr_tob_use
SEAR,THA,SEX_FMLE,8.1,8.1,2023-12-07T16:59:11+01:00,Yth_curr_tob_use
AFR,MLI,SEX_MLE,23.1,23.1,2023-12-07T16:59:12+01:00,Yth_curr_tob_use
WPR,SLB,SEX_FMLE,24.4,24.4,2023-12-07T16:58:56+01:00,Yth_curr_tob_use
AMR,BOL,SEX_BTSX,10.9,10.9,2023-12-07T16:59:19+01:00,Yth_curr_tob_use
AFR,ZWE,SEX_BTSX,20,20.0,2023-12-07T16:59:13+01:00,Yth_curr_tob_use
EUR,POL,SEX_BTSX,Data not available,,2023-12-07T16:59:42+01:00,Yth_curr_tob_use
AMR,BRB,SEX_FMLE,11.4,11.4,2023-12-07T16:59:11+01:00,Yth_curr_tob_use
EUR,ESP,SEX_BTSX,Data not available,,2023-12-07T16:59:51+01:00,Yth_curr_tob_use
WPR,NIU,SEX_FMLE,19.2,19.2,2023-12-07T16:59:06+01:00,Yth_curr_tob_use
AFR,ZWE,SEX_FMLE,15.8,15.8,2023-12-07T16:59:13+01:00,Yth_curr_tob_use
EUR,NOR,SEX_MLE,Data not available,,2023-12-07T16:59:37+01:00,Yth_curr_tob_use
EUR,DNK,SEX_MLE,Data not available,,2023-12-07T16:59:43+01:00,Yth_curr_tob_use
EUR,BIH,SEX_BTSX,24.4,24.4,2023-12-07T16:59:20+01:00,Yth_curr_tob_use
EUR,LTU,SEX_BTSX,Data not available,,2023-12-07T16:59:43+01:00,Yth_curr_tob_use
SEAR,LKA,SEX_FMLE,3.1,3.1,2023-12-07T16:58:56+01:00,Yth_curr_tob_use
WPR,NRU,SEX_BTSX,26.2,26.2,2023-12-07T16:59:20+01:00,Yth_curr_tob_use
EUR,RUS,SEX_MLE,12.1,12.1,2023-12-07T16:59:13+01:00,Yth_curr_tob_use
WPR,FSM,SEX_BTSX,29.2,29.2,2023-12-07T16:59:20+01:00,Yth_curr_tob_use
AMR,USA,SEX_BTSX,6.7,6.7,2023-12-07T16:58:57+01:00,Yth_curr_tob_use
AMR,GTM,SEX_FMLE,14.4,14.4,2023-12-07T16:59:12+01:00,Yth_curr_tob_use
AMR,GRD,SEX_BTSX,9.7,9.7,2023-12-07T16:59:05+01:00,Yth_curr_tob_use
EMR,EGY,SEX_BTSX,13.6,13.6,2023-12-07T16:59:04+01:00,Yth_curr_tob_use
AMR,SLV,SEX_MLE,1,1.0,2023-12-07T16:59:12+01:00,Yth_curr_tob_use
AMR,NIC,SEX_MLE,16.4,16.4,2023-12-07T16:59:04+01:00,Yth_curr_tob_use
EUR,GRC,SEX_MLE,Data not available,,2023-12-07T16:59:34+01:00,Yth_curr_tob_use
EMR,MAR,SEX_MLE,7.3,7.3,2023-12-07T16:59:21+01:00,Yth_curr_tob_use
EUR,ROU,SEX_FMLE,Data not available,,2023-12-07T16:59:33+01:00,Yth_curr_tob_use
WPR,MHL,SEX_MLE,Data not available,,2023-12-07T16:59:31+01:00,Yth_curr_tob_use
EUR,ISR,SEX_BTSX,Data not available,,2023-12-07T16:59:40+01:00,Yth_curr_tob_use
AFR,GIN,SEX_BTSX,26.1,26.1,2023-12-07T16:59:20+01:00,Yth_curr_tob_use
EUR,BGR,SEX_FMLE,Data not available,,2023-12-07T16:59:48+01:00,Yth_curr_tob_use
EUR,GRC,SEX_FMLE,Data not available,,2023-12-07T16:59:34+01:00,Yth_curr_tob_use
AMR,SUR,SEX_MLE,17.1,17.1,2023-12-07T16:59:19+01:00,Yth_curr_tob_use
SEAR,BTN,SEX_MLE,31.2,31.2,2023-12-07T16:59:19+01:00,Yth_curr_tob_use
AFR,UGA,SEX_MLE,11.7,11.7,2023-12-07T16:59:13+01:00,Yth_curr_tob_use
WPR,COK,SEX_FMLE,13.9,13.9,2023-12-07T16:59:05+01:00,Yth_curr_tob_use
EUR,SVN,SEX_FMLE,Data not available,,2023-12-07T16:59:48+01:00,Yth_curr_tob_use
WPR,AUS,SEX_BTSX,Data not available,,2023-12-07T16:59:36+01:00,Yth_curr_tob_use
AMR,ATG,SEX_FMLE,7,7.0,2023-12-07T16:59:20+01:00,Yth_curr_tob_use
EMR,YEM,SEX_BTSX,18.7,18.7,2023-12-07T16:58:56+01:00,Yth_curr_tob_use
AFR,GMB,SEX_BTSX,10.5,10.5,2023-12-07T16:58:56+01:00,Yth_curr_tob_use
AFR,NAM,SEX_BTSX,11.2,11.2,2023-12-07T16:58:57+01:00,Yth_curr_tob_use
EUR,TUR,SEX_BTSX,17.9,17.9,2023-12-07T16:58:57+01:00,Yth_curr_tob_use
WPR,PNG,SEX_MLE,40.1,40.1,2023-12-07T16:59:19+01:00,Yth_curr_tob_use
AFR,NGA,SEX_BTSX,15.4,15.4,2023-12-07T16:59:12+01:00,Yth_curr_tob_use
EUR,GRC,SEX_BTSX,Data not available,,2023-12-07T16:59:34+01:00,Yth_curr_tob_use
AMR,BHS,SEX_FMLE,8.4,8.4,2023-12-07T16:58:57+01:00,Yth_curr_tob_use
AFR,CIV,SEX_MLE,Data not available,,2023-12-07T16:59:50+01:00,Yth_curr_tob_use
EUR,SVN,SEX_BTSX,Data not available,,2023-12-07T16:59:39+01:00,Yth_curr_tob_use
AMR,VCT,SEX_MLE,9.9,9.9,2023-12-07T16:59:05+01:00,Yth_curr_tob_use
EMR,JOR,SEX_FMLE,13.8,13.8,2023-12-07T16:59:12+01:00,Yth_curr_tob_use
AMR,DMA,SEX_MLE,30.4,30.4,2023-12-07T16:59:05+01:00,Yth_curr_tob_use
SEAR,MDV,SEX_FMLE,43.2,43.2,2023-12-07T16:58:57+01:00,Yth_curr_tob_use
AFR,SEN,SEX_FMLE,6.9,6.9,2023-12-07T16:59:20+01:00,Yth_curr_tob_use
EUR,SVN,SEX_MLE,Data not available,,2023-12-07T16:59:39+01:00,Yth_curr_tob_use
EUR,MDA,SEX_MLE,20.4,20.4,2023-12-07T16:58:58+01:00,Yth_curr_tob_use
EUR,DEU,SEX_MLE,Data not available,,2023-12-07T16:59:47+01:00,Yth_curr_tob_use
EUR,BIH,SEX_FMLE,21.1,21.1,2023-12-07T16:59:13+01:00,Yth_curr_tob_use
SEAR,NPL,SEX_FMLE,4.8,4.8,2023-12-07T16:59:05+01:00,Yth_curr_tob_use
EMR,BHR,SEX_FMLE,10.2,10.2,2023-12-07T16:58:56+01:00,Yth_curr_tob_use
EUR,UZB,SEX_MLE,2.3,2.3,2023-12-07T16:59:20+01:00,Yth_curr_tob_use
EUR,ALB,SEX_BTSX,15.3,15.3,2023-12-07T16:59:05+01:00,Yth_curr_tob_use
AMR,BLZ,SEX_FMLE,8.2,8.2,2023-12-07T16:59:05+01:00,Yth_curr_tob_use
WPR,MNG,SEX_MLE,21,21.0,2023-12-07T16:59:13+01:00,Yth_curr_tob_use
WPR,MYS,SEX_MLE,32.4,32.4,2023-12-07T16:58:57+01:00,Yth_curr_tob_use
AMR,BRA,SEX_FMLE,Data not available,,2023-12-07T16:59:39+01:00,Yth_curr_tob_use
EUR,KAZ,SEX_FMLE,Data not available,,2023-12-07T16:59:34+01:00,Yth_curr_tob_use
AFR,GMB,SEX_FMLE,5,5.0,2023-12-07T16:59:19+01:00,Yth_curr_tob_use
EUR,SMR,SEX_BTSX,7.4,7.4,2023-12-07T16:58:57+01:00,Yth_curr_tob_use
AFR,NAM,SEX_FMLE,8.9,8.9,2023-12-07T16:59:20+01:00,Yth_curr_tob_use
AFR,MWI,SEX_MLE,16.7,16.7,2023-12-07T16:58:57+01:00,Yth_curr_tob_use
WPR,JPN,SEX_BTSX,Data not available,,2023-12-07T16:59:37+01:00,Yth_curr_tob_use
AMR,VCT,SEX_FMLE,8.7,8.7,2023-12-07T16:58:57+01:00,Yth_curr_tob_use
AMR,SUR,SEX_FMLE,7.3,7.3,2023-12-07T16:58:57+01:00,Yth_curr_tob_use
EUR,MKD,SEX_FMLE,Data not available,,2023-12-07T16:59:47+01:00,Yth_curr_tob_use
EUR,FIN,SEX_BTSX,15,15.0,2023-12-07T16:59:13+01:00,Yth_curr_tob_use
AMR,ARG,SEX_FMLE,21.4,21.4,2023-12-07T16:59:05+01:00,Yth_curr_tob_use
EMR,ARE,SEX_MLE,17.8,17.8,2023-12-07T16:59:04+01:00,Yth_curr_tob_use
WPR,MHL,SEX_FMLE,Data not available,,2023-12-07T16:59:50+01:00,Yth_curr_tob_use
EUR,SRB,SEX_FMLE,Data not available,,2023-12-07T16:59:36+01:00,Yth_curr_tob_use
AMR,JAM,SEX_BTSX,15.6,15.6,2023-12-07T16:59:20+01:00,Yth_curr_tob_use
AMR,ATG,SEX_BTSX,7.5,7.5,2023-12-07T16:58:57+01:00,Yth_curr_tob_use
WPR,TON,SEX_BTSX,18.5,18.5,2023-12-07T16:59:12+01:00,Yth_curr_tob_use
EMR,SYR,SEX_FMLE,17.4,17.4,2023-12-07T16:59:11+01:00,Yth_curr_tob_use
WPR,LAO,SEX_FMLE,5.9,5.9,2023-12-07T16:59:12+01:00,Yth_curr_tob_use
EUR,EST,SEX_MLE,Data not available,,2023-12-07T16:59:48+01:00,Yth_curr_tob_use
WPR,VNM,SEX_MLE,4.2,4.2,2023-12-07T16:58:57+01:00,Yth_curr_tob_use
AMR,SLV,SEX_BTSX,0.9,0.9,2023-12-07T16:59:12+01:00,Yth_curr_tob_use
WPR,FSM,SEX_FMLE,25.1,25.1,2023-12-07T16:58:57+01:00,Yth_curr_tob_use
AMR,SUR,SEX_BTSX,11.7,11.7,2023-12-07T16:59:19+01:00,Yth_curr_tob_use
WPR,AUS,SEX_FMLE,Data not available,,2023-12-07T16:59:33+01:00,Yth_curr_tob_use
AFR,GIN,SEX_FMLE,20,20.0,2023-12-07T16:58:57+01:00,Yth_curr_tob_use
SEAR,IND,SEX_MLE,9.6,9.6,2023-12-07T16:59:21+01:00,Yth_curr_tob_use
EMR,LBY,SEX_MLE,11,11.0,2023-12-07T16:59:13+01:00,Yth_curr_tob_use
EMR,KWT,SEX_MLE,24.2,24.2,2023-12-07T16:59:20+01:00,Yth_curr_tob_use
AFR,CAF,SEX_FMLE,34.5,34.5,2023-12-07T16:59:06+01:00,Yth_curr_tob_use
AFR,CMR,SEX_MLE,13.8,13.8,2023-12-07T16:59:13+01:00,Yth_curr_tob_use
SEAR,MMR,SEX_FMLE,3.7,3.7,2023-12-07T16:59:05+01:00,Yth_curr_tob_use
AFR,BDI,SEX_MLE,20.7,20.7,2023-12-07T16:59:06+01:00,Yth_curr_tob_use
EUR,AUT,SEX_BTSX,Data not available,,2023-12-07T16:59:42+01:00,Yth_curr_tob_use
AFR,MOZ,SEX_BTSX,5.2,5.2,2023-12-07T16:59:20+01:00,Yth_curr_tob_use
WPR,SLB,SEX_BTSX,28.1,28.1,2023-12-07T16:59:19+01:00,Yth_curr_tob_use
WPR,MNG,SEX_FMLE,6.9,6.9,2023-12-07T16:59:13+01:00,Yth_curr_tob_use
AFR,RWA,SEX_FMLE,9.5,9.5,2023-12-07T16:59:20+01:00,Yth_curr_tob_use
EMR,BHR,SEX_MLE,26.5,26.5,2023-12-07T16:59:19+01:00,Yth_curr_tob_use
AMR,NIC,SEX_FMLE,11.8,11.8,2023-12-07T16:59:05+01:00,Yth_curr_tob_use
AFR,UGA,SEX_FMLE,9.4,9.4,2023-12-07T16:59:21+01:00,Yth_curr_tob_use
EUR,AUT,SEX_MLE,Data not available,,2023-12-07T16:59:28+01:00,Yth_curr_tob_use
WPR,IDN,SEX_BTSX,19.2,19.2,2023-12-07T16:59:06+01:00,Yth_curr_tob_use
AFR,MUS,SEX_FMLE,13.7,13.7,2023-12-07T16:59:12+01:00,Yth_curr_tob_use
EUR,ESP,SEX_FMLE,Data not available,,2023-12-07T16:59:42+01:00,Yth_curr_tob_use
EUR,ALB,SEX_MLE,20.2,20.2,2023-12-07T16:58:56+01:00,Yth_curr_tob_use
WPR,FSM,SEX_MLE,34.1,34.1,2023-12-07T16:59:20+01:00,Yth_curr_tob_use
AFR,STP,SEX_FMLE,22.7,22.7,2023-12-07T16:59:05+01:00,Yth_curr_tob_use
EUR,TUR,SEX_MLE,23.2,23.2,2023-12-07T16:59:06+01:00,Yth_curr_tob_use
EUR,AZE,SEX_BTSX,Data not available,,2023-12-07T16:59:43+01:00,Yth_curr_tob_use
AFR,MUS,SEX_MLE,22.8,22.8,2023-12-07T16:59:12+01:00,Yth_curr_tob_use
AMR,ARG,SEX_BTSX,20.2,20.2,2023-12-07T16:59:05+01:00,Yth_curr_tob_use
AFR,COM,SEX_FMLE,7.7,7.7,2023-12-07T16:59:20+01:00,Yth_curr_tob_use
AFR,TGO,SEX_BTSX,3.9,3.9,2023-12-07T16:59:06+01:00,Yth_curr_tob_use
EUR,TJK,SEX_BTSX,3,3.0,2023-12-07T16:59:13+01:00,Yth_curr_tob_use
EUR,UKR,SEX_MLE,Data not available,,2023-12-07T16:59:51+01:00,Yth_curr_tob_use
EUR,SWE,SEX_FMLE,15,15.0,2023-12-07T16:59:06+01:00,Yth_curr_tob_use
EUR,AZE,SEX_FMLE,Data not available,,2023-12-07T16:59:42+01:00,Yth_curr_tob_use
EMR,IRQ,SEX_FMLE,11.4,11.4,2023-12-07T16:58:57+01:00,Yth_curr_tob_use
EMR,OMN,SEX_MLE,9.2,9.2,2023-12-07T16:59:19+01:00,Yth_curr_tob_use
EUR,UKR,SEX_FMLE,Data not available,,2023-12-07T16:59:36+01:00,Yth_curr_tob_use
AFR,GIN,SEX_MLE,30.8,30.8,2023-12-07T16:59:20+01:00,Yth_curr_tob_use
EMR,LBY,SEX_FMLE,5,5.0,2023-12-07T16:59:13+01:00,Yth_curr_tob_use
WPR,NZL,SEX_MLE,Data not available,,2023-12-07T16:59:30+01:00,Yth_curr_tob_use
WPR,MHL,SEX_BTSX,Data not available,,2023-12-07T16:59:31+01:00,Yth_curr_tob_use
EUR,ARM,SEX_BTSX,Data not available,,2023-12-07T16:59:42+01:00,Yth_curr_tob_use
AFR,GAB,SEX_FMLE,8.8,8.8,2023-12-07T16:59:11+01:00,Yth_curr_tob_use
EUR,HRV,SEX_FMLE,Data not available,,2023-12-07T16:59:30+01:00,Yth_curr_tob_use
SEAR,MDV,SEX_BTSX,45.7,45.7,2023-12-07T16:59:20+01:00,Yth_curr_tob_use
WPR,AUS,SEX_MLE,Data not available,,2023-12-07T16:59:31+01:00,Yth_curr_tob_use
WPR,COK,SEX_MLE,29.7,29.7,2023-12-07T16:59:05+01:00,Yth_curr_tob_use
AFR,GHA,SEX_MLE,8.8,8.8,2023-12-07T16:58:56+01:00,Yth_curr_tob_use
EUR,HRV,SEX_MLE,Data not available,,2023-12-07T16:59:51+01:00,Yth_curr_tob_use
AFR,ERI,SEX_MLE,7.8,7.8,2023-12-07T16:59:13+01:00,Yth_curr_tob_use
EMR,PAK,SEX_MLE,13.3,13.3,2023-12-07T16:58:56+01:00,Yth_curr_tob_use
AFR,SLE,SEX_FMLE,9.7,9.7,2023-12-07T16:59:12+01:00,Yth_curr_tob_use
EMR,SOM,SEX_MLE,15.5,15.5,2023-12-07T16:59:19+01:00,Yth_curr_tob_use
AFR,AGO,SEX_MLE,20.2,20.2,2023-12-07T16:59:13+01:00,Yth_curr_tob_use
EUR,ITA,SEX_MLE,Data not available,,2023-12-07T16:59:28+01:00,Yth_curr_tob_use
EMR,PSE,SEX_FMLE,19.7,19.7,2023-12-07T16:58:56+01:00,Yth_curr_tob_use
WPR,VUT,SEX_BTSX,16.9,16.9,2023-12-07T16:58:57+01:00,Yth_curr_tob_use
EUR,RUS,SEX_FMLE,11.9,11.9,2023-12-07T16:59:13+01:00,Yth_curr_tob_use
EUR,UKR,SEX_BTSX,Data not available,,2023-12-07T16:59:47+01:00,Yth_curr_tob_use
EMR,SOM,SEX_BTSX,15.6,15.6,2023-12-07T16:59:19+01:00,Yth_curr_tob_use
EMR,SDN,SEX_FMLE,7.3,7.3,2023-12-07T16:58:56+01:00,Yth_curr_tob_use
WPR,SGP,SEX_BTSX,Data not available,,2023-12-07T16:59:50+01:00,Yth_curr_tob_use
AFR,NAM,SEX_MLE,14,14.0,2023-12-07T16:58:57+01:00,Yth_curr_tob_use
WPR,MYS,SEX_BTSX,20.9,20.9,2023-12-07T16:58:57+01:00,Yth_curr_tob_use
AMR,BHS,SEX_BTSX,12.6,12.6,2023-12-07T16:59:11+01:00,Yth_curr_tob_use
AFR,LBR,SEX_FMLE,10.9,10.9,2023-12-07T16:59:12+01:00,Yth_curr_tob_use
SEAR,TLS,SEX_BTSX,30.9,30.9,2023-12-07T16:58:56+01:00,Yth_curr_tob_use
SEAR,THA,SEX_MLE,21.8,21.8,2023-12-07T16:59:11+01:00,Yth_curr_tob_use
AMR,GTM,SEX_BTSX,17.1,17.1,2023-12-07T16:58:57+01:00,Yth_curr_tob_use
EMR,AFG,SEX_MLE,10.1,10.1,2023-12-07T16:58:56+01:00,Yth_curr_tob_use
AFR,GNQ,SEX_FMLE,17.3,17.3,2023-12-07T16:59:06+01:00,Yth_curr_tob_use
WPR,KOR,SEX_BTSX,Data not available,,2023-12-07T16:59:28+01:00,Yth_curr_tob_use
AFR,TZA,SEX_MLE,6.5,6.5,2023-12-07T16:59:21+01:00,Yth_curr_tob_use
EUR,KGZ,SEX_MLE,9.5,9.5,2023-12-07T16:59:19+01:00,Yth_curr_tob_use
EUR,KAZ,SEX_MLE,Data not available,,2023-12-07T16:59:34+01:00,Yth_curr_tob_use
AFR,ZMB,SEX_BTSX,25.6,25.6,2023-12-07T16:59:13+01:00,Yth_curr_tob_use
EMR,KWT,SEX_FMLE,9.8,9.8,2023-12-07T16:59:06+01:00,Yth_curr_tob_use
AFR,CPV,SEX_BTSX,Data not available,,2023-12-07T16:59:48+01:00,Yth_curr_tob_use
EMR,AFG,SEX_FMLE,5.6,5.6,2023-12-07T16:59:04+01:00,Yth_curr_tob_use
EUR,BLR,SEX_MLE,7.2,7.2,2023-12-07T16:59:05+01:00,Yth_curr_tob_use
AFR,CPV,SEX_FMLE,Data not available,,2023-12-07T16:59:52+01:00,Yth_curr_tob_use
AMR,CHL,SEX_MLE,Data not available,,2023-12-07T16:59:40+01:00,Yth_curr_tob_use
EUR,CZE,SEX_MLE,Data not available,,2023-12-07T16:59:36+01:00,Yth_curr_tob_use
EUR,BEL,SEX_MLE,Data not available,,2023-12-07T16:59:33+01:00,Yth_curr_tob_use
AFR,MUS,SEX_BTSX,18,18.0,2023-12-07T16:59:12+01:00,Yth_curr_tob_use
AFR,GAB,SEX_MLE,9.2,9.2,2023-12-07T16:59:11+01:00,Yth_curr_tob_use
AMR,TTO,SEX_MLE,17.3,17.3,2023-12-07T16:59:11+01:00,Yth_curr_tob_use
EUR,ISL,SEX_FMLE,Data not available,,2023-12-07T16:59:45+01:00,Yth_curr_tob_use
AMR,COL,SEX_BTSX,20.2,20.2,2023-12-07T16:58:57+01:00,Yth_curr_tob_use
EUR,MNE,SEX_MLE,Data not available,,2023-12-07T16:59:42+01:00,Yth_curr_tob_use
EUR,GEO,SEX_FMLE,Data not available,,2023-12-07T16:59:43+01:00,Yth_curr_tob_use
SEAR,BGD,SEX_MLE,13.2,13.2,2023-12-07T16:59:05+01:00,Yth_curr_tob_use
EUR,PRT,SEX_FMLE,Data not available,,2023-12-07T16:59:47+01:00,Yth_curr_tob_use
WPR,VUT,SEX_MLE,19.5,19.5,2023-12-07T16:58:57+01:00,Yth_curr_tob_use
WPR,WSM,SEX_BTSX,15.1,15.1,2023-12-07T16:59:20+01:00,Yth_curr_tob_use
AFR,DZA,SEX_FMLE,2.6,2.6,2023-12-07T16:58:58+01:00,Yth_curr_tob_use
EUR,ROU,SEX_BTSX,Data not available,,2023-12-07T16:59:42+01:00,Yth_curr_tob_use
EUR,TKM,SEX_FMLE,0.4,0.4,2023-12-07T16:59:20+01:00,Yth_curr_tob_use
EUR,ARM,SEX_MLE,Data not available,,2023-12-07T16:59:42+01:00,Yth_curr_tob_use
EUR,SMR,SEX_FMLE,7.4,7.4,2023-12-07T16:59:20+01:00,Yth_curr_tob_use
EUR,KAZ,SEX_BTSX,Data not available,,2023-12-07T16:59:45+01:00,Yth_curr_tob_use
EUR,MLT,SEX_MLE,Data not available,,2023-12-07T16:59:50+01:00,Yth_curr_tob_use
AMR,ECU,SEX_MLE,15.3,15.3,2023-12-07T16:59:12+01:00,Yth_curr_tob_use
AMR,DMA,SEX_BTSX,25.3,25.3,2023-12-07T16:59:05+01:00,Yth_curr_tob_use
AFR,COG,SEX_MLE,14.9,14.9,2023-12-07T16:59:20+01:00,Yth_curr_tob_use
EUR,MNE,SEX_BTSX,Data not available,,2023-12-07T16:59:42+01:00,Yth_curr_tob_use
EUR,PRT,SEX_BTSX,Data not available,,2023-12-07T16:59:28+01:00,Yth_curr_tob_use
WPR,WSM,SEX_MLE,22.5,22.5,2023-12-07T16:59:05+01:00,Yth_curr_tob_use
AFR,MLI,SEX_FMLE,8.8,8.8,2023-12-07T16:59:12+01:00,Yth_curr_tob_use
AMR,DOM,SEX_BTSX,7.4,7.4,2023-12-07T16:59:12+01:00,Yth_curr_tob_use
AFR,ZAF,SEX_MLE,Data not available,,2023-12-07T16:59:42+01:00,Yth_curr_tob_use
EUR,ISL,SEX_BTSX,Data not available,,2023-12-07T16:59:30+01:00,Yth_curr_tob_use
AMR,PRY,SEX_FMLE,7.2,7.2,2023-12-07T16:58:57+01:00,Yth_curr_tob_use
AMR,ATG,SEX_MLE,7.9,7.9,2023-12-07T16:59:05+01:00,Yth_curr_tob_use
WPR,NZL,SEX_FMLE,Data not available,,2023-12-07T16:59:33+01:00,Yth_curr_tob_use
EUR,ISR,SEX_FMLE,Data not available,,2023-12-07T16:59:28+01:00,Yth_curr_tob_use
EUR,ITA,SEX_FMLE,Data not available,,2023-12-07T16:59:47+01:00,Yth_curr_tob_use
AMR,HTI,SEX_FMLE,19.2,19.2,2023-12-07T16:58:57+01:00,Yth_curr_tob_use
AFR,GAB,SEX_BTSX,9.2,9.2,2023-12-07T16:59:11+01:00,Yth_curr_tob_use
EMR,IRQ,SEX_MLE,19.5,19.5,2023-12-07T16:59:20+01:00,Yth_curr_tob_use
EUR,MDA,SEX_FMLE,11.8,11.8,2023-12-07T16:59:21+01:00,Yth_curr_tob_use
AFR,RWA,SEX_BTSX,11.5,11.5,2023-12-07T16:58:57+01:00,Yth_curr_tob_use
EUR,HUN,SEX_FMLE,15,15.0,2023-12-07T16:59:20+01:00,Yth_curr_tob_use
AMR,MEX,SEX_FMLE,17.7,17.7,2023-12-07T16:59:11+01:00,Yth_curr_tob_use
AMR,KNA,SEX_BTSX,9.2,9.2,2023-12-07T16:58:57+01:00,Yth_curr_tob_use
AMR,KNA,SEX_FMLE,7.8,7.8,2023-12-07T16:59:20+01:00,Yth_curr_tob_use
AFR,ETH,SEX_FMLE,5.8,5.8,2023-12-07T16:59:19+01:00,Yth_curr_tob_use
EUR,BEL,SEX_FMLE,Data not available,,2023-12-07T16:59:50+01:00,Yth_curr_tob_use
AFR,DZA,SEX_MLE,17.4,17.4,2023-12-07T16:58:58+01:00,Yth_curr_tob_use
AFR,MDG,SEX_FMLE,6.8,6.8,2023-12-07T16:59:11+01:00,Yth_curr_tob_use
EUR,MKD,SEX_BTSX,Data not available,,2023-12-07T16:59:33+01:00,Yth_curr_tob_use
AFR,NER,SEX_BTSX,8.6,8.6,2023-12-07T16:59:05+01:00,Yth_curr_tob_use
AMR,GRD,SEX_MLE,12.5,12.5,2023-12-07T16:59:05+01:00,Yth_curr_tob_use
AFR,BEN,SEX_BTSX,5.3,5.3,2023-12-07T16:59:13+01:00,Yth_curr_tob_use
EMR,DJI,SEX_MLE,17.8,17.8,2023-12-07T16:59:05+01:00,Yth_curr_tob_use
AFR,SWZ,SEX_MLE,15.8,15.8,2023-12-07T16:59:19+01:00,Yth_curr_tob_use
AFR,NGA,SEX_MLE,19.2,19.2,2023-12-07T16:59:05+01:00,Yth_curr_tob_use
EMR,SDN,SEX_MLE,14.5,14.5,2023-12-07T16:59:19+01:00,Yth_curr_tob_use
EUR,LVA,SEX_FMLE,21.1,21.1,2023-12-07T16:59:06+01:00,Yth_curr_tob_use
EUR,MCO,SEX_MLE,Data not available,,2023-12-07T16:59:43+01:00,Yth_curr_tob_use
AMR,VEN,SEX_BTSX,14.3,14.3,2023-12-07T16:58:57+01:00,Yth_curr_tob_use
AFR,RWA,SEX_MLE,13.3,13.3,2023-12-07T16:58:57+01:00,Yth_curr_tob_use
EMR,YEM,SEX_MLE,23.9,23.9,2023-12-07T16:59:04+01:00,Yth_curr_tob_use
AFR,COM,SEX_MLE,15.9,15.9,2023-12-07T16:59:06+01:00,Yth_curr_tob_use
SEAR,LKA,SEX_MLE,13,13.0,2023-12-07T16:59:19+01:00,Yth_curr_tob_use
EUR,BGR,SEX_MLE,Data not available,,2023-12-07T16:59:34+01:00,Yth_curr_tob_use
AMR,GRD,SEX_FMLE,7.1,7.1,2023-12-07T16:59:05+01:00,Yth_curr_tob_use
AFR,KEN,SEX_FMLE,6.7,6.7,2023-12-07T16:58:57+01:00,Yth_curr_tob_use
AFR,TZA,SEX_BTSX,4.8,4.8,2023-12-07T16:59:21+01:00,Yth_curr_tob_use
EUR,ALB,SEX_FMLE,9.9,9.9,2023-12-07T16:59:05+01:00,Yth_curr_tob_use
AFR,NER,SEX_MLE,11.8,11.8,2023-12-07T16:59:05+01:00,Yth_curr_tob_use
AFR,CIV,SEX_FMLE,Data not available,,2023-12-07T16:59:31+01:00,Yth_curr_tob_use
EMR,TUN,SEX_MLE,19.2,19.2,2023-12-07T16:58:56+01:00,Yth_curr_tob_use
AFR,TZA,SEX_FMLE,2.4,2.4,2023-12-07T16:58:58+01:00,Yth_curr_tob_use
AFR,ERI,SEX_FMLE,4.6,4.6,2023-12-07T16:59:13+01:00,Yth_curr_tob_use
AMR,URY,SEX_BTSX,11.5,11.5,2023-12-07T16:59:20+01:00,Yth_curr_tob_use
AFR,BDI,SEX_FMLE,16.8,16.8,2023-12-07T16:59:06+01:00,Yth_curr_tob_use
AFR,ETH,SEX_BTSX,8.9,8.9,2023-12-07T16:58:56+01:00,Yth_curr_tob_use
AFR,STP,SEX_BTSX,26.2,26.2,2023-12-07T16:59:05+01:00,Yth_curr_tob_use
AFR,GNB,SEX_BTSX,10.9,10.9,2023-12-07T16:59:06+01:00,Yth_curr_tob_use
SEAR,IND,SEX_BTSX,8.5,8.5,2023-12-07T16:59:13+01:00,Yth_curr_tob_use
EUR,GBR,SEX_BTSX,Data not available,,2023-12-07T16:59:28+01:00,Yth_curr_tob_use
EMR,IRN,SEX_BTSX,10.2,10.2,2023-12-07T16:59:12+01:00,Yth_curr_tob_use
AMR,BRB,SEX_MLE,17.4,17.4,2023-12-07T16:59:11+01:00,Yth_curr_tob_use
AFR,CIV,SEX_BTSX,Data not available,,2023-12-07T16:59:36+01:00,Yth_curr_tob_use
AFR,BWA,SEX_FMLE,20.5,20.5,2023-12-07T16:59:21+01:00,Yth_curr_tob_use
EUR,SWE,SEX_BTSX,16,16.0,2023-12-07T16:59:06+01:00,Yth_curr_tob_use
AFR,LSO,SEX_BTSX,24.8,24.8,2023-12-07T16:58:56+01:00,Yth_curr_tob_use
EUR,ESP,SEX_MLE,Data not available,,2023-12-07T16:59:50+01:00,Yth_curr_tob_use
SEAR,MMR,SEX_BTSX,13.6,13.6,2023-12-07T16:58:57+01:00,Yth_curr_tob_use
AMR,LCA,SEX_BTSX,11,11.0,2023-12-07T16:59:05+01:00,Yth_curr_tob_use
EUR,SWE,SEX_MLE,16,16.0,2023-12-07T16:58:58+01:00,Yth_curr_tob_use
EUR,UZB,SEX_BTSX,1.7,1.7,2023-12-07T16:59:12+01:00,Yth_curr_tob_use
AMR,MEX,SEX_MLE,21.6,21.6,2023-12-07T16:59:11+01:00,Yth_curr_tob_use
AFR,KEN,SEX_MLE,12.8,12.8,2023-12-07T16:59:12+01:00,Yth_curr_tob_use
AMR,BOL,SEX_FMLE,8.1,8.1,2023-12-07T16:58:57+01:00,Yth_curr_tob_use
EUR,LUX,SEX_FMLE,Data not available,,2023-12-07T16:59:48+01:00,Yth_curr_tob_use
EUR,FRA,SEX_MLE,Data not available,,2023-12-07T16:59:39+01:00,Yth_curr_tob_use
WPR,VUT,SEX_FMLE,14.5,14.5,2023-12-07T16:59:20+01:00,Yth_curr_tob_use
EUR,BEL,SEX_BTSX,Data not available,,2023-12-07T16:59:31+01:00,Yth_curr_tob_use
AFR,BFA,SEX_MLE,22.6,22.6,2023-12-07T16:58:58+01:00,Yth_curr_tob_use
EMR,SAU,SEX_MLE,10.6,10.6,2023-12-07T16:59:19+01:00,Yth_curr_tob_use
EUR,EST,SEX_FMLE,Data not available,,2023-12-07T16:59:39+01:00,Yth_curr_tob_use
EUR,MDA,SEX_BTSX,16.3,16.3,2023-12-07T16:58:58+01:00,Yth_curr_tob_use
AFR,SEN,SEX_BTSX,9.2,9.2,2023-12-07T16:58:57+01:00,Yth_curr_tob_use
AMR,CAN,SEX_BTSX,8,8.0,2023-12-07T16:59:20+01:00,Yth_curr_tob_use
AFR,ZWE,SEX_MLE,22,22.0,2023-12-07T16:59:13+01:00,Yth_curr_tob_use
EUR,BIH,SEX_MLE,27.7,27.7,2023-12-07T16:59:20+01:00,Yth_curr_tob_use
AMR,DOM,SEX_FMLE,6,6.0,2023-12-07T16:58:57+01:00,Yth_curr_tob_use
AFR,MDG,SEX_BTSX,11.3,11.3,2023-12-07T16:59:12+01:00,Yth_curr_tob_use
AMR,BRA,SEX_BTSX,Data not available,,2023-12-07T16:59:50+01:00,Yth_curr_tob_use
WPR,KHM,SEX_BTSX,3.5,3.5,2023-12-07T16:59:19+01:00,Yth_curr_tob_use
EMR,YEM,SEX_FMLE,9.9,9.9,2023-12-07T16:59:19+01:00,Yth_curr_tob_use
WPR,NZL,SEX_BTSX,Data not available,,2023-12-07T16:59:43+01:00,Yth_curr_tob_use
AMR,CHL,SEX_FMLE,Data not available,,2023-12-07T16:59:48+01:00,Yth_curr_tob_use
EMR,OMN,SEX_FMLE,4,4.0,2023-12-07T16:58:56+01:00,Yth_curr_tob_use
EMR,IRN,SEX_MLE,12.9,12.9,2023-12-07T16:59:12+01:00,Yth_curr_tob_use
EUR,SVK,SEX_BTSX,Data not available,,2023-12-07T16:59:31+01:00,Yth_curr_tob_use
EMR,LBN,SEX_BTSX,31.5,31.5,2023-12-07T16:58:58+01:00,Yth_curr_tob_use
EUR,EST,SEX_BTSX,Data not available,,2023-12-07T16:59:30+01:00,Yth_curr_tob_use
EUR,NOR,SEX_FMLE,Data not available,,2023-12-07T16:59:37+01:00,Yth_curr_tob_use
AFR,BWA,SEX_MLE,27,27.0,2023-12-07T16:58:58+01:00,Yth_curr_tob_use
WPR,BRN,SEX_MLE,14.1,14.1,2023-12-07T16:59:19+01:00,Yth_curr_tob_use
EUR,LVA,SEX_MLE,24.8,24.8,2023-12-07T16:58:58+01:00,Yth_curr_tob_use
EUR,DEU,SEX_BTSX,Data not available,,2023-12-07T16:59:47+01:00,Yth_curr_tob_use
EUR,KGZ,SEX_BTSX,6,6.0,2023-12-07T16:59:19+01:00,Yth_curr_tob_use
AFR,LSO,SEX_FMLE,21.7,21.7,2023-12-07T16:59:19+01:00,Yth_curr_tob_use
WPR,LAO,SEX_MLE,16.4,16.4,2023-12-07T16:59:12+01:00,Yth_curr_tob_use
AMR,HTI,SEX_BTSX,19.7,19.7,2023-12-07T16:59:20+01:00,Yth_curr_tob_use
AFR,SLE,SEX_BTSX,12.1,12.1,2023-12-07T16:59:12+01:00,Yth_curr_tob_use
WPR,CHN,SEX_FMLE,Data not available,,2023-12-07T16:59:39+01:00,Yth_curr_tob_use
AFR,TCD,SEX_MLE,11.2,11.2,2023-12-07T16:59:21+01:00,Yth_curr_tob_use
AFR,BFA,SEX_BTSX,16.8,16.8,2023-12-07T16:59:13+01:00,Yth_curr_tob_use
AFR,AGO,SEX_FMLE,18.6,18.6,2023-12-07T16:59:13+01:00,Yth_curr_tob_use
WPR,CHN,SEX_MLE,Data not available,,2023-12-07T16:59:30+01:00,Yth_curr_tob_use
EMR,OMN,SEX_BTSX,6.3,6.3,2023-12-07T16:59:19+01:00,Yth_curr_tob_use
AFR,CPV,SEX_MLE,Data not available,,2023-12-07T16:59:36+01:00,Yth_curr_tob_use
SEAR,LKA,SEX_BTSX,8.1,8.1,2023-12-07T16:59:05+01:00,Yth_curr_tob_use
AFR,MRT,SEX_BTSX,19.8,19.8,2023-12-07T16:59:05+01:00,Yth_curr_tob_use
EUR,PRT,SEX_MLE,Data not available,,2023-12-07T16:59:34+01:00,Yth_curr_tob_use
EUR,TJK,SEX_MLE,3.1,3.1,2023-12-07T16:59:12+01:00,Yth_curr_tob_use
AMR,URY,SEX_MLE,9.7,9.7,2023-12-07T16:59:05+01:00,Yth_curr_tob_use
EUR,ISR,SEX_MLE,Data not available,,2023-12-07T16:59:30+01:00,Yth_curr_tob_use
WPR,BRN,SEX_BTSX,9.2,9.2,2023-12-07T16:59:19+01:00,Yth_curr_tob_use
EUR,SRB,SEX_MLE,Data not available,,2023-12-07T16:59:39+01:00,Yth_curr_tob_use
AMR,HND,SEX_MLE,9.6,9.6,2023-12-07T16:59:20+01:00,Yth_curr_tob_use
EUR,CZE,SEX_BTSX,Data not available,,2023-12-07T16:59:36+01:00,Yth_curr_tob_use
WPR,PLW,SEX_BTSX,24.6,24.6,2023-12-07T16:59:05+01:00,Yth_curr_tob_use
AFR,BDI,SEX_BTSX,19.3,19.3,2023-12-07T16:59:06+01:00,Yth_curr_tob_use
AMR,BRB,SEX_BTSX,14.5,14.5,2023-12-07T16:59:11+01:00,Yth_curr_tob_use
WPR,LAO,SEX_BTSX,11.1,11.1,2023-12-07T16:59:12+01:00,Yth_curr_tob_use
AFR,BWA,SEX_BTSX,23.6,23.6,2023-12-07T16:58:58+01:00,Yth_curr_tob_use
AMR,COL,SEX_FMLE,19.6,19.6,2023-12-07T16:59:20+01:00,Yth_curr_tob_use
AMR,LCA,SEX_FMLE,8.2,8.2,2023-12-07T16:59:05+01:00,Yth_curr_tob_use
AMR,BOL,SEX_MLE,13.6,13.6,2023-12-07T16:59:19+01:00,Yth_curr_tob_use
EUR,HRV,SEX_BTSX,Data not available,,2023-12-07T16:59:37+01:00,Yth_curr_tob_use
WPR,PLW,SEX_FMLE,25.1,25.1,2023-12-07T16:59:05+01:00,Yth_curr_tob_use
AFR,BFA,SEX_FMLE,11.5,11.5,2023-12-07T16:59:21+01:00,Yth_curr_tob_use
WPR,KIR,SEX_BTSX,47.7,47.7,2023-12-07T16:59:12+01:00,Yth_curr_tob_use
EUR,RUS,SEX_BTSX,12,12.0,2023-12-07T16:58:58+01:00,Yth_curr_tob_use
EUR,POL,SEX_FMLE,Data not available,,2023-12-07T16:59:33+01:00,Yth_curr_tob_use
AFR,MOZ,SEX_FMLE,6.1,6.1,2023-12-07T16:58:57+01:00,Yth_curr_tob_use
SEAR,NPL,SEX_BTSX,7.2,7.2,2023-12-07T16:59:05+01:00,Yth_curr_tob_use
EUR,HUN,SEX_BTSX,16,16.0,2023-12-07T16:58:57+01:00,Yth_curr_tob_use
EMR,ARE,SEX_FMLE,7.7,7.7,2023-12-07T16:59:04+01:00,Yth_curr_tob_use
WPR,NRU,SEX_MLE,25.6,25.6,2023-12-07T16:59:20+01:00,Yth_curr_tob_use
EUR,ARM,SEX_FMLE,Data not available,,2023-12-07T16:59:51+01:00,Yth_curr_tob_use
EUR,LVA,SEX_BTSX,23,23.0,2023-12-07T16:59:06+01:00,Yth_curr_tob_use
AMR,CAN,SEX_MLE,9,9.0,2023-12-07T16:59:20+01:00,Yth_curr_tob_use
EMR,SYR,SEX_MLE,31.6,31.6,2023-12-07T16:59:11+01:00,Yth_curr_tob_use
AMR,USA,SEX_MLE,6.6,6.6,2023-12-07T16:58:57+01:00,Yth_curr_tob_use
AFR,GNB,SEX_FMLE,10.3,10.3,2023-12-07T16:59:06+01:00,Yth_curr_tob_use
EMR,SDN,SEX_BTSX,11.7,11.7,2023-12-07T16:59:19+01:00,Yth_curr_tob_use
AFR,STP,SEX_MLE,30.7,30.7,2023-12-07T16:59:12+01:00,Yth_curr_tob_use
AFR,SYC,SEX_FMLE,15.9,15.9,2023-12-07T16:58:57+01:00,Yth_curr_tob_use
WPR,KHM,SEX_MLE,4.4,4.4,2023-12-07T16:59:05+01:00,Yth_curr_tob_use
AFR,COG,SEX_BTSX,14.1,14.1,2023-12-07T16:59:13+01:00,Yth_curr_tob_use
AFR,CAF,SEX_MLE,29.5,29.5,2023-12-07T16:59:06+01:00,Yth_curr_tob_use
EMR,LBN,SEX_FMLE,27.9,27.9,2023-12-07T16:59:13+01:00,Yth_curr_tob_use
AFR,SWZ,SEX_FMLE,8.6,8.6,2023-12-07T16:59:05+01:00,Yth_curr_tob_use
WPR,NIU,SEX_BTSX,21.1,21.1,2023-12-07T16:59:06+01:00,Yth_curr_tob_use
AMR,TTO,SEX_BTSX,14,14.0,2023-12-07T16:59:11+01:00,Yth_curr_tob_use
EUR,GBR,SEX_MLE,Data not available,,2023-12-07T16:59:28+01:00,Yth_curr_tob_use
AFR,BEN,SEX_FMLE,2,2.0,2023-12-07T16:59:13+01:00,Yth_curr_tob_use
EUR,DEU,SEX_FMLE,Data not available,,2023-12-07T16:59:28+01:00,Yth_curr_tob_use
EMR,DJI,SEX_BTSX,15.2,15.2,2023-12-07T16:58:56+01:00,Yth_curr_tob_use
SEAR,MMR,SEX_MLE,26.3,26.3,2023-12-07T16:59:05+01:00,Yth_curr_tob_use
AMR,CAN,SEX_FMLE,7,7.0,2023-12-07T16:58:57+01:00,Yth_curr_tob_use
AMR,VEN,SEX_FMLE,12.3,12.3,2023-12-07T16:59:19+01:00,Yth_curr_tob_use
WPR,PHL,SEX_FMLE,6.9,6.9,2023-12-07T16:58:56+01:00,Yth_curr_tob_use
EUR,CYP,SEX_BTSX,Data not available,,2023-12-07T16:59:47+01:00,Yth_curr_tob_use
AMR,JAM,SEX_FMLE,15,15.0,2023-12-07T16:58:57+01:00,Yth_curr_tob_use
AMR,BRA,SEX_MLE,Data not available,,2023-12-07T16:59:30+01:00,Yth_curr_tob_use
EUR,ITA,SEX_BTSX,Data not available,,2023-12-07T16:59:28+01:00,Yth_curr_tob_use
SEAR,TLS,SEX_MLE,42,42.0,2023-12-07T16:59:05+01:00,Yth_curr_tob_use
EUR,LUX,SEX_MLE,Data not available,,2023-12-07T16:59:39+01:00,Yth_curr_tob_use
EUR,CYP,SEX_MLE,Data not available,,2023-12-07T16:59:30+01:00,Yth_curr_tob_use
AFR,LSO,SEX_MLE,26.4,26.4,2023-12-07T16:58:56+01:00,Yth_curr_tob_use
EUR,TKM,SEX_BTSX,0.3,0.3,2023-12-07T16:58:58+01:00,Yth_curr_tob_use
EUR,DNK,SEX_BTSX,Data not available,,2023-12-07T16:59:43+01:00,Yth_curr_tob_use
WPR,TON,SEX_FMLE,8.4,8.4,2023-12-07T16:59:12+01:00,Yth_curr_tob_use
EUR,NLD,SEX_MLE,Data not available,,2023-12-07T16:59:52+01:00,Yth_curr_tob_use
EUR,FRA,SEX_BTSX,Data not available,,2023-12-07T16:59:40+01:00,Yth_curr_tob_use
AMR,PRY,SEX_BTSX,8.1,8.1,2023-12-07T16:59:20+01:00,Yth_curr_tob_use
WPR,MYS,SEX_FMLE,9.6,9.6,2023-12-07T16:59:20+01:00,Yth_curr_tob_use
EUR,AUT,SEX_FMLE,Data not available,,2023-12-07T16:59:51+01:00,Yth_curr_tob_use
EUR,LTU,SEX_FMLE,Data not available,,2023-12-07T16:59:43+01:00,Yth_curr_tob_use
AMR,TTO,SEX_FMLE,10.8,10.8,2023-12-07T16:59:11+01:00,Yth_curr_tob_use
WPR,TUV,SEX_BTSX,21.2,21.2,2023-12-07T16:59:20+01:00,Yth_curr_tob_use
EUR,ROU,SEX_MLE,Data not available,,2023-12-07T16:59:42+01:00,Yth_curr_tob_use
AMR,CUB,SEX_BTSX,11.5,11.5,2023-12-07T16:58:57+01:00,Yth_curr_tob_use
EUR,SRB,SEX_BTSX,Data not available,,2023-12-07T16:59:52+01:00,Yth_curr_tob_use
AFR,BEN,SEX_MLE,7.2,7.2,2023-12-07T16:59:13+01:00,Yth_curr_tob_use
AMR,PER,SEX_FMLE,5.9,5.9,2023-12-07T16:59:12+01:00,Yth_curr_tob_use
WPR,KIR,SEX_MLE,53.3,53.3,2023-12-07T16:59:12+01:00,Yth_curr_tob_use
AFR,GNQ,SEX_BTSX,22.1,22.1,2023-12-07T16:58:58+01:00,Yth_curr_tob_use
EMR,JOR,SEX_MLE,33.9,33.9,2023-12-07T16:59:12+01:00,Yth_curr_tob_use
AMR,GUY,SEX_BTSX,14.8,14.8,2023-12-07T16:58:57+01:00,Yth_curr_tob_use
WPR,SLB,SEX_MLE,30.2,30.2,2023-12-07T16:59:11+01:00,Yth_curr_tob_use
AFR,MLI,SEX_BTSX,16.6,16.6,2023-12-07T16:59:12+01:00,Yth_curr_tob_use
EUR,CHE,SEX_MLE,Data not available,,2023-12-07T16:59:47+01:00,Yth_curr_tob_use
AFR,SYC,SEX_BTSX,21.4,21.4,2023-12-07T16:59:20+01:00,Yth_curr_tob_use
AMR,CUB,SEX_MLE,13,13.0,2023-12-07T16:59:05+01:00,Yth_curr_tob_use
AMR,PER,SEX_MLE,8.4,8.4,2023-12-07T16:59:11+01:00,Yth_curr_tob_use
AMR,KNA,SEX_MLE,10.4,10.4,2023-12-07T16:59:12+01:00,Yth_curr_tob_use
WPR,MNG,SEX_BTSX,14,14.0,2023-12-07T16:59:13+01:00,Yth_curr_tob_use
AMR,PAN,SEX_FMLE,6.2,6.2,2023-12-07T16:58:57+01:00,Yth_curr_tob_use
EUR,UZB,SEX_FMLE,0.9,0.9,2023-12-07T16:58:57+01:00,Yth_curr_tob_use
AMR,ECU,SEX_BTSX,13,13.0,2023-12-07T16:59:12+01:00,Yth_curr_tob_use
AFR,LBR,SEX_BTSX,10.9,10.9,2023-12-07T16:59:12+01:00,Yth_curr_tob_use
EUR,FRA,SEX_FMLE,Data not available,,2023-12-07T16:59:40+01:00,Yth_curr_tob_use
WPR,PHL,SEX_BTSX,12.5,12.5,2023-12-07T16:59:19+01:00,Yth_curr_tob_use
AMR,CRI,SEX_BTSX,Data not available,,2023-12-07T16:59:40+01:00,Yth_curr_tob_use
AFR,ETH,SEX_MLE,11.5,11.5,2023-12-07T16:59:11+01:00,Yth_curr_tob_use
WPR,PLW,SEX_MLE,23.7,23.7,2023-12-07T16:59:05+01:00,Yth_curr_tob_use
EMR,SOM,SEX_FMLE,12.3,12.3,2023-12-07T16:58:56+01:00,Yth_curr_tob_use
EUR,TUR,SEX_FMLE,12.1,12.1,2023-12-07T16:59:20+01:00,Yth_curr_tob_use
AFR,TCD,SEX_FMLE,11.8,11.8,2023-12-07T16:58:58+01:00,Yth_curr_tob_use
WPR,PHL,SEX_MLE,18.3,18.3,2023-12-07T16:59:19+01:00,Yth_curr_tob_use
AMR,NIC,SEX_BTSX,14.2,14.2,2023-12-07T16:59:05+01:00,Yth_curr_tob_use
WPR,VNM,SEX_BTSX,2.9,2.9,2023-12-07T16:59:20+01:00,Yth_curr_tob_use
EUR,SVK,SEX_MLE,Data not available,,2023-12-07T16:59:36+01:00,Yth_curr_tob_use
SEAR,MDV,SEX_MLE,48,48.0,2023-12-07T16:59:20+01:00,Yth_curr_tob_use
AMR,ARG,SEX_MLE,18.7,18.7,2023-12-07T16:59:20+01:00,Yth_curr_tob_use
EMR,EGY,SEX_MLE,18.1,18.1,2023-12-07T16:59:04+01:00,Yth_curr_tob_use
WPR,NRU,SEX_FMLE,27,27.0,2023-12-07T16:58:58+01:00,Yth_curr_tob_use
EUR,GEO,SEX_BTSX,Data not available,,2023-12-07T16:59:43+01:00,Yth_curr_tob_use
EUR,LUX,SEX_BTSX,Data not available,,2023-12-07T16:59:39+01:00,Yth_curr_tob_use
AFR,MOZ,SEX_MLE,4.5,4.5,2023-12-07T16:59:12+01:00,Yth_curr_tob_use
WPR,COK,SEX_BTSX,21.5,21.5,2023-12-07T16:58:57+01:00,Yth_curr_tob_use
WPR,NIU,SEX_MLE,22.8,22.8,2023-12-07T16:59:20+01:00,Yth_curr_tob_use
EMR,JOR,SEX_BTSX,24,24.0,2023-12-07T16:59:12+01:00,Yth_curr_tob_use
WPR,IDN,SEX_MLE,35.6,35.6,2023-12-07T16:59:06+01:00,Yth_curr_tob_use
AMR,LCA,SEX_MLE,14.1,14.1,2023-12-07T16:59:05+01:00,Yth_curr_tob_use
EMR,LBY,SEX_BTSX,8.1,8.1,2023-12-07T16:59:13+01:00,Yth_curr_tob_use
SEAR,BTN,SEX_FMLE,13.5,13.5,2023-12-07T16:58:56+01:00,Yth_curr_tob_use
AMR,GUY,SEX_FMLE,10.4,10.4,2023-12-07T16:59:20+01:00,Yth_curr_tob_use
AFR,CMR,SEX_FMLE,5.7,5.7,2023-12-07T16:59:21+01:00,Yth_curr_tob_use
EMR,SYR,SEX_BTSX,24.5,24.5,2023-12-07T16:58:56+01:00,Yth_curr_tob_use
WPR,TON,SEX_MLE,28,28.0,2023-12-07T16:59:12+01:00,Yth_curr_tob_use
AMR,CUB,SEX_FMLE,9.7,9.7,2023-12-07T16:59:20+01:00,Yth_curr_tob_use
EMR,IRN,SEX_FMLE,7.7,7.7,2023-12-07T16:59:12+01:00,Yth_curr_tob_use
AFR,GNB,SEX_MLE,11.5,11.5,2023-12-07T16:58:57+01:00,Yth_curr_tob_use
WPR,KOR,SEX_MLE,Data not available,,2023-12-07T16:59:33+01:00,Yth_curr_tob_use
EUR,CHE,SEX_BTSX,Data not available,,2023-12-07T16:59:51+01:00,Yth_curr_tob_use
EUR,IRL,SEX_FMLE,Data not available,,2023-12-07T16:59:40+01:00,Yth_curr_tob_use
EMR,MAR,SEX_BTSX,6,6.0,2023-12-07T16:59:06+01:00,Yth_curr_tob_use
AFR,TGO,SEX_MLE,5.9,5.9,2023-12-07T16:58:58+01:00,Yth_curr_tob_use
EMR,ARE,SEX_BTSX,12.7,12.7,2023-12-07T16:58:56+01:00,Yth_curr_tob_use
AFR,TGO,SEX_FMLE,1.7,1.7,2023-12-07T16:59:13+01:00,Yth_curr_tob_use
AMR,DMA,SEX_FMLE,19.8,19.8,2023-12-07T16:59:05+01:00,Yth_curr_tob_use
AFR,DZA,SEX_BTSX,9,9.0,2023-12-07T16:59:20+01:00,Yth_curr_tob_use
EUR,KGZ,SEX_FMLE,2.4,2.4,2023-12-07T16:58:56+01:00,Yth_curr_tob_use
AMR,HND,SEX_BTSX,7.9,7.9,2023-12-07T16:59:05+01:00,Yth_curr_tob_use
EUR,SVK,SEX_FMLE,Data not available,,2023-12-07T16:59:43+01:00,Yth_curr_tob_use
AFR,TCD,SEX_BTSX,11.5,11.5,2023-12-07T16:59:06+01:00,Yth_curr_tob_use
SEAR,TLS,SEX_FMLE,20.9,20.9,2023-12-07T16:59:19+01:00,Yth_curr_tob_use
AFR,AGO,SEX_BTSX,19.8,19.8,2023-12-07T16:59:13+01:00,Yth_curr_tob_use
WPR,KHM,SEX_FMLE,2.8,2.8,2023-12-07T16:59:05+01:00,Yth_curr_tob_use
AFR,COM,SEX_BTSX,11.5,11.5,2023-12-07T16:58:58+01:00,Yth_curr_tob_use
EMR,MAR,SEX_FMLE,4.4,4.4,2023-12-07T16:58:58+01:00,Yth_curr_tob_use
AFR,ERI,SEX_BTSX,6.6,6.6,2023-12-07T16:58:58+01:00,Yth_curr_tob_use
EUR,SMR,SEX_MLE,7.3,7.3,2023-12-07T16:59:12+01:00,Yth_curr_tob_use
AFR,ZAF,SEX_BTSX,Data not available,,2023-12-07T16:59:50+01:00,Yth_curr_tob_use
EUR,FIN,SEX_MLE,17,17.0,2023-12-07T16:59:21+01:00,Yth_curr_tob_use
AFR,MRT,SEX_FMLE,19.2,19.2,2023-12-07T16:59:20+01:00,Yth_curr_tob_use
EMR,TUN,SEX_BTSX,11.7,11.7,2023-12-07T16:59:11+01:00,Yth_curr_tob_use
